<?xml version = '1.0' encoding = 'UTF-8'?>
<References xmlns="http://xmlns.oracle.com/adf/jndi">
   <Reference name="Connection1" className="oracle.jdeveloper.db.adapter.DatabaseProvider"
              credentialStoreKey="Connection1" xmlns="">
      <Factory className="oracle.jdevimpl.db.adapter.DatabaseProviderFactory1212"/>
      <RefAddresses>
         <StringRefAddr addrType="DeployPassword">
            <Contents>true</Contents>
         </StringRefAddr>
         <StringRefAddr addrType="oraDriverType">
            <Contents>thin</Contents>
         </StringRefAddr>
         <StringRefAddr addrType="hostname">
            <Contents>129.150.69.95</Contents>
         </StringRefAddr>
         <SecureRefAddr addrType="password"/>
         <StringRefAddr addrType="subtype">
            <Contents>oraJDBC</Contents>
         </StringRefAddr>
         <StringRefAddr addrType="port">
            <Contents>1521</Contents>
         </StringRefAddr>
         <StringRefAddr addrType="serviceName">
            <Contents>FMWPDB.a495326.oraclecloud.internal</Contents>
         </StringRefAddr>
         <StringRefAddr addrType="user">
            <Contents>idev</Contents>
         </StringRefAddr>
      </RefAddresses>
   </Reference>
   <Reference name="Local" className="oracle.jdeveloper.db.adapter.DatabaseProvider" credentialStoreKey="Local"
              xmlns="">
      <Factory className="oracle.jdevimpl.db.adapter.DatabaseProviderFactory1212"/>
      <RefAddresses>
         <StringRefAddr addrType="DeployPassword">
            <Contents>true</Contents>
         </StringRefAddr>
         <StringRefAddr addrType="oraDriverType">
            <Contents>thin</Contents>
         </StringRefAddr>
         <StringRefAddr addrType="hostname">
            <Contents>129.150.69.95</Contents>
         </StringRefAddr>
         <SecureRefAddr addrType="password"/>
         <StringRefAddr addrType="subtype">
            <Contents>oraJDBC</Contents>
         </StringRefAddr>
         <StringRefAddr addrType="port">
            <Contents>1521</Contents>
         </StringRefAddr>
         <StringRefAddr addrType="serviceName">
            <Contents>FMWPDB.a495326.oraclecloud.internal</Contents>
         </StringRefAddr>
         <StringRefAddr addrType="user">
            <Contents>idev</Contents>
         </StringRefAddr>
      </RefAddresses>
   </Reference>
</References>